Workbook

Sheet Services
A1: Scene | B1: LLM (Fix) | C1: Image (Basic Package) | F1: Voice | I1: Animation | J1: Video | L1: Music (Fix) | N1: Assembly
C2: Yearly | D2: Monthly | E2: Additional Fast Hours | F2: Yearly | G2: Monthly | H2: Additional Credits (only when required) | J2: 540p | K2: 720p | L2: Yearly | M2: Monthly | N2: Yearly | O2: Monthly
A3: 1 | B3: =LLM!$D$2 -> 0.096 | C3: =Image!$F$2*A3 -> 0.04 | D3: =Image!$G$2*A3 -> 0.05 | E3: =Image!$F$9*A3 -> 0.066666667 | F3: =Voice!$G$2*A3 -> 0.0139 | G3: =Voice!$H$2*A3 -> 0.016666667 | H3: =Voice!$G$11*A3 -> 0.03 | I3: =Animation!$E$3*A3 -> 0.2 | J3: =Video!$E$13*A3 -> 0.416 | K3: =Video!$F$13*A3 -> 0.7936 | L3: =Music!$F$24 -> 0.057236364 | M3: =Music!$F$26 -> 0.061236364 | N3: =Assembly!$G$2*A3 -> 0.025625 | O3: =Assembly!$H$2*A3 -> 0.030625
A4: 2 | B4: =LLM!$D$2 -> 0.096 | C4: =Image!$F$2*A4 -> 0.08 | D4: =Image!$G$2*A4 -> 0.1 | E4: =Image!$F$9*A4 -> 0.13333333 | F4: =Voice!$G$2*A4 -> 0.0278 | G4: =Voice!$H$2*A4 -> 0.033333333 | H4: =Voice!$G$11*A4 -> 0.06 | I4: =Animation!$E$3*A4 -> 0.4 | J4: =Video!$E$13*A4 -> 0.832 | K4: =Video!$F$13*A4 -> 1.5872 | L4: =Music!$F$24 -> 0.057236364 | M4: =Music!$F$26 -> 0.061236364 | N4: =Assembly!$G$2*A4 -> 0.05125 | O4: =Assembly!$H$2*A4 -> 0.06125
A5: 3 | B5: =LLM!$D$2 -> 0.096 | C5: =Image!$F$2*A5 -> 0.12 | D5: =Image!$G$2*A5 -> 0.15 | E5: =Image!$F$9*A5 -> 0.2 | F5: =Voice!$G$2*A5 -> 0.0417 | G5: =Voice!$H$2*A5 -> 0.05 | H5: =Voice!$G$11*A5 -> 0.09 | I5: =Animation!$E$3*A5 -> 0.6 | J5: =Video!$E$13*A5 -> 1.248 | K5: =Video!$F$13*A5 -> 2.3808 | L5: =Music!$F$24 -> 0.057236364 | M5: =Music!$F$26 -> 0.061236364 | N5: =Assembly!$G$2*A5 -> 0.076875 | O5: =Assembly!$H$2*A5 -> 0.091875
A6: 4 | B6: =LLM!$D$2 -> 0.096 | C6: =Image!$F$2*A6 -> 0.16 | D6: =Image!$G$2*A6 -> 0.2 | E6: =Image!$F$9*A6 -> 0.26666667 | F6: =Voice!$G$2*A6 -> 0.0556 | G6: =Voice!$H$2*A6 -> 0.066666667 | H6: =Voice!$G$11*A6 -> 0.12 | I6: =Animation!$E$3*A6 -> 0.8 | J6: =Video!$E$13*A6 -> 1.664 | K6: =Video!$F$13*A6 -> 3.1744 | L6: =Music!$F$24 -> 0.057236364 | M6: =Music!$F$26 -> 0.061236364 | N6: =Assembly!$G$2*A6 -> 0.1025 | O6: =Assembly!$H$2*A6 -> 0.1225
A7: 5 | B7: =LLM!$D$2 -> 0.096 | C7: =Image!$F$2*A7 -> 0.2 | D7: =Image!$G$2*A7 -> 0.25 | E7: =Image!$F$9*A7 -> 0.33333333 | F7: =Voice!$G$2*A7 -> 0.0695 | G7: =Voice!$H$2*A7 -> 0.083333333 | H7: =Voice!$G$11*A7 -> 0.15 | I7: =Animation!$E$3*A7 -> 1 | J7: =Video!$E$13*A7 -> 2.08 | K7: =Video!$F$13*A7 -> 3.968 | L7: =Music!$F$24 -> 0.057236364 | M7: =Music!$F$26 -> 0.061236364 | N7: =Assembly!$G$2*A7 -> 0.128125 | O7: =Assembly!$H$2*A7 -> 0.153125
A8: 6 | B8: =LLM!$D$2 -> 0.096 | C8: =Image!$F$2*A8 -> 0.24 | D8: =Image!$G$2*A8 -> 0.3 | E8: =Image!$F$9*A8 -> 0.4 | F8: =Voice!$G$2*A8 -> 0.0834 | G8: =Voice!$H$2*A8 -> 0.1 | H8: =Voice!$G$11*A8 -> 0.18 | I8: =Animation!$E$3*A8 -> 1.2 | J8: =Video!$E$13*A8 -> 2.496 | K8: =Video!$F$13*A8 -> 4.7616 | L8: =Music!$F$24 -> 0.057236364 | M8: =Music!$F$26 -> 0.061236364 | N8: =Assembly!$G$2*A8 -> 0.15375 | O8: =Assembly!$H$2*A8 -> 0.18375
A9: 7 | B9: =LLM!$D$2 -> 0.096 | C9: =Image!$F$2*A9 -> 0.28 | D9: =Image!$G$2*A9 -> 0.35 | E9: =Image!$F$9*A9 -> 0.46666667 | F9: =Voice!$G$2*A9 -> 0.0973 | G9: =Voice!$H$2*A9 -> 0.11666667 | H9: =Voice!$G$11*A9 -> 0.21 | I9: =Animation!$E$3*A9 -> 1.4 | J9: =Video!$E$13*A9 -> 2.912 | K9: =Video!$F$13*A9 -> 5.5552 | L9: =Music!$F$24 -> 0.057236364 | M9: =Music!$F$26 -> 0.061236364 | N9: =Assembly!$G$2*A9 -> 0.179375 | O9: =Assembly!$H$2*A9 -> 0.214375
A10: 8 | B10: =LLM!$D$2 -> 0.096 | C10: =Image!$F$2*A10 -> 0.32 | D10: =Image!$G$2*A10 -> 0.4 | E10: =Image!$F$9*A10 -> 0.53333333 | F10: =Voice!$G$2*A10 -> 0.1112 | G10: =Voice!$H$2*A10 -> 0.13333333 | H10: =Voice!$G$11*A10 -> 0.24 | I10: =Animation!$E$3*A10 -> 1.6 | J10: =Video!$E$13*A10 -> 3.328 | K10: =Video!$F$13*A10 -> 6.3488 | L10: =Music!$F$24 -> 0.057236364 | M10: =Music!$F$26 -> 0.061236364 | N10: =Assembly!$G$2*A10 -> 0.205 | O10: =Assembly!$H$2*A10 -> 0.245
A11: 9 | B11: =LLM!$D$2 -> 0.096 | C11: =Image!$F$2*A11 -> 0.36 | D11: =Image!$G$2*A11 -> 0.45 | E11: =Image!$F$9*A11 -> 0.6 | F11: =Voice!$G$2*A11 -> 0.1251 | G11: =Voice!$H$2*A11 -> 0.15 | H11: =Voice!$G$11*A11 -> 0.27 | I11: =Animation!$E$3*A11 -> 1.8 | J11: =Video!$E$13*A11 -> 3.744 | K11: =Video!$F$13*A11 -> 7.1424 | L11: =Music!$F$24 -> 0.057236364 | M11: =Music!$F$26 -> 0.061236364 | N11: =Assembly!$G$2*A11 -> 0.230625 | O11: =Assembly!$H$2*A11 -> 0.275625
A12: 10 | B12: =LLM!$D$2 -> 0.096 | C12: =Image!$F$2*A12 -> 0.4 | D12: =Image!$G$2*A12 -> 0.5 | E12: =Image!$F$9*A12 -> 0.66666667 | F12: =Voice!$G$2*A12 -> 0.139 | G12: =Voice!$H$2*A12 -> 0.16666667 | H12: =Voice!$G$11*A12 -> 0.3 | I12: =Animation!$E$3*A12 -> 2 | J12: =Video!$E$13*A12 -> 4.16 | K12: =Video!$F$13*A12 -> 7.936 | L12: =Music!$F$24 -> 0.057236364 | M12: =Music!$F$26 -> 0.061236364 | N12: =Assembly!$G$2*A12 -> 0.25625 | O12: =Assembly!$H$2*A12 -> 0.30625
A14: Additional Fix Costs (Monthly) | I14: Information: For calculation of the service overview we considered for each service the most expensive package. Depending on traffic, user amount and usage we can select a different package and also increase monthly payment to yearly payment (when the software is succesful) which would decrease the cost for each service. This should be considered in pricing.
A15: Lumalabs Fix Package | B15: 21
A16: Lexoffice | B16: 6
A17: Cursor | B17: 20
A18: IT Recht (AGB Documents) | B18: 6
A19: Webpage Registrierung (pro Monat) | B19: 5
A20: oAUth Package (Essentials) | B20: 35
A21: AWS (pro 100 Nutzer) | B21: 5
A22: IAM AuthO (pro 100 Nutzer) | B22: 10
A23: Serverkosten (pro 100 Nutzer) | B23: 30
A24: Fixkosten Total | B24: =SUM(B15:B23) -> 138
A26: Total calculation for different different constellation of job runs
B27: Services
A28: Scene Amount | B28: Image | C28: Voice | D28: Music | E28: Image and Music | F28: Image and Voice | G28: Image and Voice and Music | H28: Image to Animation | I28: Image to Video | J28: Image to Animation and Voice | K28: Image to Video and Voice | L28: Image to Animation and Voice and Music | M28: Image to Video and Voice and Music
A29: 1 | B29: =D3 -> 0.05 | C29: =G3 -> 0.016666667 | D29: =M3 -> 0.061236364 | E29: =B29+D29 -> 0.11123636 | F29: =B29+C29 -> 0.066666667 | G29: =B29+C29+D29 -> 0.12790303 | H29: =B29+I3 -> 0.25 | I29: =B29+J3 -> 0.466 | J29: =H29+C29 -> 0.26666667 | K29: =I29+C29 -> 0.48266667 | L29: =J29+D29 -> 0.32790303 | M29: =K29+D29 -> 0.54390303
A30: 2 | B30: =D4 -> 0.1 | C30: =G4 -> 0.033333333 | D30: =M4 -> 0.061236364 | E30: =B30+D30 -> 0.16123636 | F30: =B30+C30 -> 0.13333333 | G30: =B30+C30+D30 -> 0.1945697 | H30: =B30+I4 -> 0.5 | I30: =B30+J4 -> 0.932 | J30: =H30+C30 -> 0.53333333 | K30: =I30+C30 -> 0.96533333 | L30: =J30+D30 -> 0.5945697 | M30: =K30+D30 -> 1.0265697
A31: 3 | B31: =D5 -> 0.15 | C31: =G5 -> 0.05 | D31: =M5 -> 0.061236364 | E31: =B31+D31 -> 0.21123636 | F31: =B31+C31 -> 0.2 | G31: =B31+C31+D31 -> 0.26123636 | H31: =B31+I5 -> 0.75 | I31: =B31+J5 -> 1.398 | J31: =H31+C31 -> 0.8 | K31: =I31+C31 -> 1.448 | L31: =J31+D31 -> 0.86123636 | M31: =K31+D31 -> 1.5092364
A32: 4 | B32: =D6 -> 0.2 | C32: =G6 -> 0.066666667 | D32: =M6 -> 0.061236364 | E32: =B32+D32 -> 0.26123636 | F32: =B32+C32 -> 0.26666667 | G32: =B32+C32+D32 -> 0.32790303 | H32: =B32+I6 -> 1 | I32: =B32+J6 -> 1.864 | J32: =H32+C32 -> 1.0666667 | K32: =I32+C32 -> 1.9306667 | L32: =J32+D32 -> 1.127903 | M32: =K32+D32 -> 1.991903
A33: 5 | B33: =D7 -> 0.25 | C33: =G7 -> 0.083333333 | D33: =M7 -> 0.061236364 | E33: =B33+D33 -> 0.31123636 | F33: =B33+C33 -> 0.33333333 | G33: =B33+C33+D33 -> 0.3945697 | H33: =B33+I7 -> 1.25 | I33: =B33+J7 -> 2.33 | J33: =H33+C33 -> 1.3333333 | K33: =I33+C33 -> 2.4133333 | L33: =J33+D33 -> 1.3945697 | M33: =K33+D33 -> 2.4745697
A34: 6 | B34: =D8 -> 0.3 | C34: =G8 -> 0.1 | D34: =M8 -> 0.061236364 | E34: =B34+D34 -> 0.36123636 | F34: =B34+C34 -> 0.4 | G34: =B34+C34+D34 -> 0.46123636 | H34: =B34+I8 -> 1.5 | I34: =B34+J8 -> 2.796 | J34: =H34+C34 -> 1.6 | K34: =I34+C34 -> 2.896 | L34: =J34+D34 -> 1.6612364 | M34: =K34+D34 -> 2.9572364
A35: 7 | B35: =D9 -> 0.35 | C35: =G9 -> 0.11666667 | D35: =M9 -> 0.061236364 | E35: =B35+D35 -> 0.41123636 | F35: =B35+C35 -> 0.46666667 | G35: =B35+C35+D35 -> 0.52790303 | H35: =B35+I9 -> 1.75 | I35: =B35+J9 -> 3.262 | J35: =H35+C35 -> 1.8666667 | K35: =I35+C35 -> 3.3786667 | L35: =J35+D35 -> 1.927903 | M35: =K35+D35 -> 3.439903
A36: 8 | B36: =D10 -> 0.4 | C36: =G10 -> 0.13333333 | D36: =M10 -> 0.061236364 | E36: =B36+D36 -> 0.46123636 | F36: =B36+C36 -> 0.53333333 | G36: =B36+C36+D36 -> 0.5945697 | H36: =B36+I10 -> 2 | I36: =B36+J10 -> 3.728 | J36: =H36+C36 -> 2.1333333 | K36: =I36+C36 -> 3.8613333 | L36: =J36+D36 -> 2.1945697 | M36: =K36+D36 -> 3.9225697
A37: 9 | B37: =D11 -> 0.45 | C37: =G11 -> 0.15 | D37: =M11 -> 0.061236364 | E37: =B37+D37 -> 0.51123636 | F37: =B37+C37 -> 0.6 | G37: =B37+C37+D37 -> 0.66123636 | H37: =B37+I11 -> 2.25 | I37: =B37+J11 -> 4.194 | J37: =H37+C37 -> 2.4 | K37: =I37+C37 -> 4.344 | L37: =J37+D37 -> 2.4612364 | M37: =K37+D37 -> 4.4052364
A38: 10 | B38: =D12 -> 0.5 | C38: =G12 -> 0.16666667 | D38: =M12 -> 0.061236364 | E38: =B38+D38 -> 0.56123636 | F38: =B38+C38 -> 0.66666667 | G38: =B38+C38+D38 -> 0.72790303 | H38: =B38+I12 -> 2.5 | I38: =B38+J12 -> 4.66 | J38: =H38+C38 -> 2.6666667 | K38: =I38+C38 -> 4.8266667 | L38: =J38+D38 -> 2.727903 | M38: =K38+D38 -> 4.887903

Sheet AWS S3
A1: Annahmen für eine Kostenabschätzung | D1: Kostenberechnung für AWS S3
D2: Speicherkosten
A3: Parameter | B3: Wert (angenommene Nutzung pro Monat) | D3: Speicherverbrauch pro Monat:
A4: Durchschnittliche Szenenanzahl pro User | B4: 5 Szenen pro Content | D4: 100 Nutzer × 5 Szenen × 10 MB = 5 GB
A5: Durchschnittliche Datei-Größe pro Szene | B5: 10 MB (z. B. Bild, Audio, Video) | D5: 100 Nutzer × 2 finale Videos × 50 MB = 10 GB
A6: Anzahl aktiver Nutzer pro Monat | B6: 100 Nutzer | D6: Gesamtspeicher: 15 GB pro Monat
A7: Anzahl PUT-Anfragen pro Nutzer | B7: 5 PUTs × 5 Szenen = 25 PUTs | D7: Kosten: 15 GB × $0.023 = $0.35 pro Monat (S3 Standard)
A8: Anzahl GET-Anfragen pro Nutzer (Anzeigen & Download) | B8: 10 GETs × 5 Szenen = 50 GETs
A9: Durchschnittliches final generiertes Video | B9: 50 MB pro Video | D9: API-Kosten (PUT & GET)
A10: Anzahl final generierter Videos pro User | B10: 2 Videos pro User | D10: PUT-Anfragen:
A11: Anzahl GET-Anfragen für Videos | B11: 5 GETs pro Video | D11: 100 Nutzer × 25 PUTs = 2.500 PUTs
D12: Kosten: $0.005 pro 1.000 PUTs → $0.0125
A13: Gesamtmonatliche Kosten für Beispiel-Szenario
D14: GET-Anfragen:
A15: Kostenkategorie | B15: Kosten pro Monat | D15: (100 Nutzer × 50 GETs) + (100 Nutzer × 2 Videos × 5 GETs) = 5.000 + 1.000 = 6.000 GETs
A16: Speicher (15 GB) | B16: $0.35 | D16: Kosten: $0.0004 pro 1.000 GETs → $0.0024
A17: PUT-Anfragen (2.500) | B17: $0.0125
A18: GET-Anfragen (6.000) | B18: $0.0024 | D18: Datenübertragungskosten
A19: Datenübertragung (10 GB) | B19: $0.90 | D19: Datenübertragung ins Internet:
A20: Gesamtkosten | B20: $1.27 pro Monat | D20: 100 Nutzer × 2 Videos × 50 MB = 10 GB pro Monat
D21: Kosten: 10 GB × $0.09 = $0.90 pro Monat
A24: AWS S3 Kosten-Szenarien für steigende Nutzung
A25: Nutzer | B25: Speicher (GB) | C25: PUT-Anfragen | D25: GET-Anfragen | E25: Datenübertragung (GB) | F25: Gesamtkosten ($)
A26: 100 | B26: 14.648438 | C26: 2500 | D26: 6000 | E26: 9.765625 | F26: 1.23
A27: 500 | B27: 73.242188 | C27: 12500 | D27: 30000 | E27: 48.828125 | F27: 6.15
A28: 1000 | B28: 439.45312 | C28: 50000 | D28: 115000 | E28: 292.96875 | F28: 36.77
A29: 5000 | B29: 3906.25 | C29: 250000 | D29: 600000 | E29: 2929.6875 | F29: 355.01
A30: 10000 | B30: 13427.734 | C30: 750000 | D30: 1750000 | E30: 9765.625 | F30: 1192.19

Sheet IAM AuthO
A1: Annahmen für eine Kostenabschätzung | E1: Kostenberechnung für Auth0
A3: Parameter | B3: Wert (angenommene Nutzung pro Monat) | E3: User-Authentifizierungskosten (MAU-basiert)
A4: Durchschnittliche Anzahl der aktiven Nutzer (MAU) | B4: 100 Nutzer | E4: Auth0 Free Tier: 7.000 MAUs kostenlos.
A5: Durchschnittliche Logins pro Nutzer | B5: 5 Logins pro Monat | E5: Dein Szenario: 100 MAUs → kostenlos.
A6: Gesamtanzahl der Logins | B6: 100 Nutzer × 5 = 500 Logins | E6: Kosten: $0.00 pro Monat.
A7: Anzahl der M2M API-Anfragen | B7: 50.000 Anfragen pro Monat
A8: Anzahl der Social Logins (Google Auth) | B8: 30% der Nutzer (30 Nutzer) | E8: Authentifizierungsanfragen (Login-Requests)
E9: 500 Logins im Monat.
E10: Kosten: Auth0 rechnet pro 1.000 Logins ab.
A11: Gesamtmonatliche Kosten für Beispiel-Szenario mit Auth0 | E11: Preis: $0.0055 pro Login-Request.
E12: Kosten: (500 / 1.000) × $0.0055 = $0.00275 ≈ $0.003 pro Monat.
A13: Kostenkategorie | B13: Kosten pro Monat
A14: User-Authentifizierung (MAU-basiert) | B14: $0.00 (kostenlos im Free Tier) | E14: Machine-to-Machine (M2M) API-Anfragen
A15: Login-Requests (500 Logins) | B15: $0.003 | E15: 50.000 API-Requests pro Monat.
A16: M2M API-Anfragen (50.000 Requests) | B16: $1.50 | E16: Kosten: $0.03 pro 1.000 API-Requests.
A17: Social Logins (30 Google-Logins) | B17: $0.30 | E17: Kosten: (50.000 / 1.000) × $0.03 = $1.50 pro Monat.
A18: Gesamtkosten | B18: $1.80 pro Monat
E19: Social Logins (Google Auth)
E20: 30% der Nutzer nutzen Google Login → 30 Nutzer.
E21: Google Auth kostet extra bei Auth0: $0.01 pro Social Login.
E22: Kosten: 30 × $0.01 = $0.30 pro Monat.
A24: Kosten Szenarien für steigende Nutzerzahlen
A26: Nutzeranzahl | B26: MAUs | C26: Logins | D26: M2M Requests | E26: Social Logins | F26: Geschätzte Kosten/Monat
A27: 100 Nutzer | B27: 100 | C27: 500 | D27: 50000 | E27: 30 | F27: $1.80
A28: 1.000 Nutzer | B28: 1000 | C28: 5000 | D28: 500000 | E28: 300 | F28: $18.00
A29: 10.000 Nutzer | B29: 10000 | C29: 50000 | D29: 5000000 | E29: 3000 | F29: $180.00
A30: 100.000 Nutzer | B30: 100000 | C30: 500000 | D30: 50000000 | E30: 30000 | F30: $1.800,00

Sheet LLM
A1: Package OpenAI API | B1: Input Token Estimation | C1: Output Token Estimation | D1: Price per Video (independent of Scene Amount)
B2: 2000 | C2: 600 | D2: =(B2*0.03)/1000+(C2*0.06)/1000 -> 0.096
A7: Source: https://www.hcltech.com/blogs/openai-tokens-and-pricing
A9: Price of Token
A10: Input | B10: $0.0300/1000 Tokens
A11: Output | B11: $0.0600/1000 Tokens

Sheet Image
A1: Package Midjourney | B1: Price Annual | C1: Price Monthly | D1: Fast hours | E1: Fast images | F1: Price per Scene (Yearly) | G1: Price per Scene (Monthly)
A2: Basic | B2: 8 | C2: 10 | D2: Limited | E2: 200 | F2: =B2/E2 -> 0.04 | G2: =C2/E2 -> 0.05
A3: Standard | B3: 24 | C3: 30 | D3: 15 | E3: =60*D3 -> 900 | F3: =B3/E3 -> 0.026666667 | G3: =C3/E3 -> 0.033333333
A4: Creator | B4: 48 | C4: 60 | D4: 30 | E4: =60*D4 -> 1800 | F4: =B4/E4 -> 0.026666667 | G4: =C4/E4 -> 0.033333333
A5: Pro | B5: 96 | C5: 120 | D5: 60 | E5: =60*D5 -> 3600 | F5: =B5/E5 -> 0.026666667 | G5: =C5/E5 -> 0.033333333
A8: Additional fast hours (one time payment) | F8: One time payment as needed
A9: 1 Hour | C9: 4 | D9: 1 | E9: =D9*60 -> 60 | F9: =C9/E9 -> 0.066666667
A10: 2 Hours | C10: 8 | D10: 2 | E10: =D10*60 -> 120 | F10: =C10/E10 -> 0.066666667
A11: 5 Hours | C11: 20 | D11: 5 | E11: =D11*60 -> 300 | F11: =C11/E11 -> 0.066666667
A12: 12 Hours | C12: 48 | D12: 12 | E12: =D12*60 -> 720 | F12: =C12/E12 -> 0.066666667

Sheet Voice
A1: Package Elevenlabs | B1: Price Annual | C1: Price Monthly | D1: Credits per Month | E1: Price per Credit (Yearly) | F1: Price per Credit (Monthly) | G1: Price per Scene (~5-8sec audio is 100 credits) (Yearly) | H1: Price per Scene (~5-8sec audio) (Monthly)
A2: Starter | B2: 4.17 | C2: 5 | D2: 30000 | E2: =B2/D2 -> 0.000139 | F2: =C2/D2 -> 0.00016666667 | G2: =E2*100 -> 0.0139 | H2: =F2*100 -> 0.016666667
A3: Creator | B3: 18.33 | C3: 11 | D3: 100000 | E3: =B3/D3 -> 0.0001833 | F3: =C3/D3 -> 0.00011 | G3: =E3*100 -> 0.01833 | H3: =F3*100 -> 0.011
A4: Pro | B4: 82.5 | C4: 99 | D4: 500000 | E4: =B4/D4 -> 0.000165 | F4: =C4/D4 -> 0.000198 | G4: =E4*100 -> 0.0165 | H4: =F4*100 -> 0.0198
A5: Scale | B5: 275 | C5: 330 | D5: 2000000 | E5: =B5/D5 -> 0.0001375 | F5: =C5/D5 -> 0.000165 | G5: =E5*100 -> 0.01375 | H5: =F5*100 -> 0.0165
A6: Business | B6: 1100 | C6: 1320 | D6: 11000000 | E6: =B6/D6 -> 0.0001 | F6: =C6/D6 -> 0.00012 | G6: =E6*100 -> 0.01 | H6: =F6*100 -> 0.012
A9: Additional usage-based credits (one time payment)
A10: Starter | G10: Additional One Time Payment per Scene
A11: Creator | C11: 0.3 | D11: 1000 | F11: =C11/D11 -> 0.0003 | G11: =F11*100 -> 0.03
A12: Pro | C12: 0.24 | D12: 1000 | F12: =C12/D12 -> 0.00024 | G12: =F12*100 -> 0.024
A13: Scale | C13: 0.18 | D13: 1000 | F13: =C13/D13 -> 0.00018 | G13: =F13*100 -> 0.018
A14: Business | C14: 0.1 | D14: 1000 | F14: =C14/D14 -> 0.0001 | G14: =F14*100 -> 0.01
A16: One Time Payment explanation: For Creator it costs 0,3 $ for additional 1000 credits as pay as you go service
A18: Information: 1000 credits is ~1min audio, One scene (5-8 seconds) is approximatly 100 credits
A19: Source: https://elevenlabs.io/app/subscription

Sheet Animation
A1: Package Immersity | B1: Price | C1: Credits per Month | D1: Price per Credit | E1: Price per Scene (5-8 seconds video is 20 credits)
A2: Free (with watermark) | B2: 0 | C2: Unlimited
A3: Image | B3: 5 | C3: 500 | D3: =B3/C3 -> 0.01 | E3: =D3*20 -> 0.2
A4: Pro Image | B4: 15 | C4: 1700 | D4: =B4/C4 -> 0.0088235294 | E4: =D4*20 -> 0.17647059
A7: Information: 20 credits is ~ animation for one scene (5-8 seconds)
A8: Source: Calculation after execution

Sheet Video
A1: Package Fix Price Lumalabs | B1: Price Annual | C1: Price Monthly | D1: Credits per Month
A2: Free (non commercial usage) | B2: 0 | C2: 0 | D2: Unlimited
A3: Lite (non commercial usage) | B3: 7 | C3: 10 | D3: 500
A4: Plus | B4: 21 | C4: 30 | D4: 1700
A5: Unlimited | B5: 66.5 | C5: 95 | D5: 10000
A6: Enterprise | B6: No information | C6: No information
A8: Information: Credits are only used for Frontend interface. Since we use API we do 'Plus' package would be enough to cover the requirements.
A11: Lumalabs API Access Credit System (Additional)
A12: Billed per Usage (5 seconds clips) | B12: Unit Price | C12: Quantity for a scene (540p) | D12: Quantity for a scene (720p) | E12: Price per Scene (540p) | F12: Price per Scene (720p)
B13: 0.0064 | C13: 65 | D13: 124 | E13: =C13*B13 -> 0.416 | F13: =D13*B13 -> 0.7936
A16: Information: For 540p one scene has a quantiy of 65 (million pixel); For 720 one scene has a quantity of 124 (million pixel) for a time of 5 seconds
A17: Source: Calculation after execution

Sheet Music
A1: Package Suno | B1: Price Annual | C1: Price Monthly | D1: Credits per Month | E1: Price per Credit (Yearly) | F1: Price per Credit (Monthly) | G1: Price per Job (Yearly) | H1: Price per Job (Monthly)
A2: Basic (credits per day - no commercial usage) | B2: 0 | C2: 0 | D2: 50 | E2: =B2/D2 -> 0 | F2: =C2/D2 -> 0 | G2: =E2*100 -> 0 | H2: =F2*100 -> 0
A3: Pro | B3: 96 | C3: 10 | D3: 2500 | E3: =B3/(D3*12) -> 0.0032 | F3: =C3/D3 -> 0.004 | G3: =E3*5 -> 0.016 | H3: =F3*5 -> 0.02
A4: Premier | B4: 288 | C4: 30 | D4: 10000 | E4: =B4/(D4*12) -> 0.0024 | F4: =C4/D4 -> 0.003 | G4: =E4*5 -> 0.012 | H4: =F4*5 -> 0.015
A6: Information Suno: 5 credits is one backround song -> One job execution or one dedicated music generation
A7: Source: https://sunnoai.com/credits/#:~:text=Credit%20Allocation%3A%20How%20Suno%20AI%20Credits%20Work&text=Free%20users%20receive%20a%20daily,typically%20costing%20around%205%20credits.
A9: Additional Service usage-based credits (Ace Data)
A10: Welcome | C10: Free
A11: 100 Credits | C11: 13 | D11: 100 | E11: =C11/D11 -> 0.13 | G11: =E11*0.36 -> 0.0468
A12: 530 Credits | C12: 63.2 | D12: 530 | E12: =C12/D12 -> 0.11924528 | G12: =E12*0.36 -> 0.042928302
A13: 1100 Credits | C13: 126 | D13: 1100 | E13: =C13/D13 -> 0.11454545 | G13: =E13*0.36 -> 0.041236364
A14: 5950 Credits | C14: 647 | D14: 5950 | E14: =C14/D14 -> 0.1087395 | G14: =E14*0.36 -> 0.039146218
A15: 12500 Credits | C15: 1313 | D15: 12500 | E15: =C15/D15 -> 0.10504 | G15: =E15*0.36 -> 0.0378144
A16: 25000 Credits | C16: 2528 | D16: 25000 | E16: =C16/D16 -> 0.10112 | G16: =E16*0.36 -> 0.0364032
A17: 67500 Credits | C17: 6641 | D17: 67500 | E17: =C17/D17 -> 0.098385185 | G17: =E17*0.36 -> 0.035418667
A18: 142800 Credits | C18: 13584 | D18: 142800 | E18: =C18/D18 -> 0.09512605 | G18: =E18*0.36 -> 0.034245378
A20: Information Ace Data: 0.35-0.37 credits is one backround song -> One job execution or one dedicated music generation
A21: Source: https://platform.acedata.cloud/console/usages
A23: Total Cost per Job if Music is generated | E23: Fix (AceData Credit) | F23: Total for Different Packages
A24: Price per Job (Suno) with Yearly | B24: Yearly | C24: Pro | D24: =G3 -> 0.016 | E24: =G13 -> 0.041236364 | F24: =D24+E24 -> 0.057236364
A25: Price per Job (Suno) with Yearly | B25: Yearly | C25: Premier | D25: =G4 -> 0.012 | E25: =G13 -> 0.041236364 | F25: =D25+E25 -> 0.053236364
A26: Price per Job (Suno) with Monthly | B26: Monthly | C26: Pro | D26: =H3 -> 0.02 | E26: =G13 -> 0.041236364 | F26: =D26+E26 -> 0.061236364
A27: Price per Job (Suno) with Monthly | B27: Monthly | C27: Premier | D27: =H4 -> 0.015 | E27: =G13 -> 0.041236364 | F27: =D27+E27 -> 0.056236364

Sheet Assembly
A1: Package Creatomate | B1: Price Annual | C1: Price Monthly | D1: Credits per Month | E1: Price per Credit (Yearly) | F1: Price per Credit (Monthly) | G1: Price per Scene (Yearly) | H1: Price per Scene (Monthly)
A2: Essential | B2: 41 | C2: 49 | D2: 2000 | E2: =B2/D2 -> 0.0205 | F2: =C2/D2 -> 0.0245 | G2: =E2*1.25 -> 0.025625 | H2: =F2*1.25 -> 0.030625
A3: Growth | B3: 99 | C3: 119 | D3: 10000 | E3: =B3/D3 -> 0.0099 | F3: =C3/D3 -> 0.0119 | G3: =E3*1.25 -> 0.012375 | H3: =F3*1.25 -> 0.014875
A4: Growth | B4: 137 | C4: 164 | D4: 20000 | E4: =B4/D4 -> 0.00685 | F4: =C4/D4 -> 0.0082 | G4: =E4*1.25 -> 0.0085625 | H4: =F4*1.25 -> 0.01025
A5: Growth | B5: 174 | C5: 209 | D5: 30000 | E5: =B5/D5 -> 0.0058 | F5: =C5/D5 -> 0.0069666667 | G5: =E5*1.25 -> 0.00725 | H5: =F5*1.25 -> 0.0087083333
A6: Growth | B6: 212 | C6: 254 | D6: 40000 | E6: =B6/D6 -> 0.0053 | F6: =C6/D6 -> 0.00635 | G6: =E6*1.25 -> 0.006625 | H6: =F6*1.25 -> 0.0079375
A7: Beyond | B7: 249 | C7: 299 | D7: 50000 | E7: =B7/D7 -> 0.00498 | F7: =C7/D7 -> 0.00598 | G7: =E7*1.25 -> 0.006225 | H7: =F7*1.25 -> 0.007475
A8: Beyond | B8: 483 | C8: 580 | D8: 100000 | E8: =B8/D8 -> 0.00483 | F8: =C8/D8 -> 0.0058 | G8: =E8*1.25 -> 0.0060375 | H8: =F8*1.25 -> 0.00725
A9: Beyond | B9: 706 | C9: 847 | D9: 150000 | E9: =B9/D9 -> 0.0047066667 | F9: =C9/D9 -> 0.0056466667 | G9: =E9*1.25 -> 0.0058833333 | H9: =F9*1.25 -> 0.0070583333
A10: Beyond | B10: 916 | C10: 1099 | D10: 200000 | E10: =B10/D10 -> 0.00458 | F10: =C10/D10 -> 0.005495 | G10: =E10*1.25 -> 0.005725 | H10: =F10*1.25 -> 0.00686875
A12: A video rendered at 720p (1280 by 720) with a frame rate of 25 fps and a length of 10 seconds, is a total of 1280 * 720 * 25 * 10 pixels, or about 230 million pixels, so 2.3 credits.
A13: A scene has a estimated length of 5-7 seconds; There is also the option to use images only for the assembly video
A14: One scene is estimated to cost around 1,25 credits
A16: Information: 1 credit is 100 million pixel output
A17: Source: https://creatomate.com/docs/account-billing/credit-calculation
